1|1|12.05.2023.|14.06.2023.|
2|2|20.06.2023.|21.06.2023.|
3|3|19.06.2023.|19.06.2023.|ps
4|4|24.06.2023.|24.06.2023.|
5|5|24.06.2023.|24.06.2023.|
6|1|24.06.2023.|24.06.2023.|
8|5|24.06.2023.|24.06.2023.|
9|1|24.06.2023.|24.06.2023.|
10|1|24.06.2023.|24.06.2023.|
11|3|24.06.2023.|24.06.2023.|
12|5|24.06.2023.|24.06.2023.|
13|4|24.06.2023.|24.06.2023.|
14|5|24.04.2023.|24.04.2023.|
15|1|24.04.2023.|24.04.2023.|
16|1|24.04.2023.|24.04.2023.|
17|1|24.04.2023.|24.04.2023.|
18|1|24.04.2023.|24.04.2023.|
19|1|24.04.2023.|24.04.2023.|
20|1|24.04.2023.|24.04.2023.|
21|2|24.04.2023.|24.04.2023.|
22|3|24.04.2023.|24.04.2023.|
23|5|24.04.2023.|24.04.2023.|
24|4|24.04.2023.|24.04.2023.|
25|3|24.04.2023.|24.04.2023.|
26|3|24.04.2023.|24.04.2023.|
27|3|24.04.2023.|24.04.2023.|
28|3|24.04.2023.|24.04.2023.|
